{
"lengthUnit": "mil",
"components": {
	"fields": ["COMPONENT_NO", "COMPONENT_NAME", "LAYER", "X_COORDINATE", "Y_COORDINATE", "ANGLE"],
	"rows": [
		[1, "+5V_PORT", "T", 10570, -2530, 90],
		[2, "BAT_IN", "T", 10405, -4825, 0],
		[3, "BOOT", "T", 9965, -4685, 0],
		[4, "C1", "T", 10420, -4305, 270],
		[5, "C3", "T", 9902.07, -4268.59, 270],
		[6, "C4", "T", 9992.07, -4263.81, 270],
		[7, "C5", "T", 10415, -4130, 270],
		[8, "C6", "T", 9390.95, -4626.75, 180],
		[9, "C7", "T", 10160, -4675, 270],
		[10, "C8", "T", 9805, -4895, 270],
		[11, "C10", "T", 9740, -3725, 270],
		[12, "C11", "T", 9510, -3915, 0],
		[13, "C12", "T", 9650.21, -3720.15, 270],
		[14, "C13", "T", 9280, -4020, 270],
		[15, "C14", "T", 9710, -4210, 90],
		[16, "D1", "T", 9635, -4450, 90],
		[17, "D2", "T", 9540, -4450, 90],
		[18, "D3", "T", 9355, -4450, 90],
		[19, "D4", "T", 9445, -4450, 90],
		[20, "D5", "T", 10380, -4635, 0],
		[21, "EN", "T", 9975, -4905, 0],
		[22, "GND", "T", 10780, -2530, 90],
		[23, "H1", "T", 8985, -3870, 270],
		[24, "H2", "T", 10780, -3865, 270],
		[25, "i2C_PORT", "T", 10570, -3080, 90],
		[26, "LED1", "T", 9420, -3660, 270],
		[27, "LED2", "T", 10215, -4495, 180],
		[28, "LED4", "T", 9980, -3270, 180],
		[29, "LED5", "T", 9980, -3375, 180],
		[30, "R5", "T", 10070, -4495, 0],
		[31, "R6", "T", 9580.63, -4625.63, 0],
		[32, "R8", "T", 9280, -4210, 270],
		[33, "R9", "T", 9793.13, -4678.54, 270],
		[34, "R10", "T", 10150, -4905, 90],
		[35, "R11", "T", 9590, -3545, 270],
		[36, "R12", "T", 10328.06, -3808.22, 180],
		[37, "R13", "T", 10328.22, -3731.94, 180],
		[38, "R14", "T", 9665, -3925, 180],
		[39, "R15", "T", 10150, -3980, 270],
		[40, "SCREW1", "T", 9000, -2120, 0],
		[41, "SCREW2", "T", 10775, -2120, 0],
		[42, "SPI_PORT", "T", 8985, -2540, 90],
		[43, "U1", "T", 9890, -2605, 0],
		[44, "U2", "T", 10205, -4205, 270],
		[45, "U4", "T", 9840.94, -3303.22, 90],
		[46, "U6", "T", 10025, -3660, 270],
		[47, "U7", "T", 10335, -3450, 180],
		[48, "U8", "T", 10330, -3600, 180],
		[49, "U9", "T", 9743.22, -3303.83, 90],
		[50, "U10", "T", 9925, -3995, 90],
		[51, "U12", "T", 9505, -4135, 270],
		[52, "USBC1", "T", 9480, -4845, 0]
	]
},
"pins": {
	"fields": ["PIN_NO", "PIN_NAME", "PIN_X", "PIN_Y", "LAYER", "PIN_TYPE", "NET_NAME", "NET_TYPE", "PAD_SHAPE", "PAD_SIZEX", "PAD_SIZEY", "HOLE_SIZE", "PAD_ANGLE"],
	"rows": [
		[1, "+5V_PORT_1", 10570, -2780, "T", "DIP", "+5V_VIN", "", "R", 70.87, 70.87, 40.16, 90],
		[2, "+5V_PORT_1", 10570, -2780, "B", "DIP", "+5V_VIN", "", "R", 70.87, 70.87, 40.16, 90],
		[3, "+5V_PORT_2", 10570, -2680, "T", "DIP", "+5V_VIN", "", "C", 62.99, 62.99, 40.16, 90],
		[4, "+5V_PORT_2", 10570, -2680, "B", "DIP", "+5V_VIN", "", "C", 62.99, 62.99, 40.16, 90],
		[5, "+5V_PORT_3", 10570, -2580, "T", "DIP", "+5V_VIN", "", "C", 62.99, 62.99, 40.16, 90],
		[6, "+5V_PORT_3", 10570, -2580, "B", "DIP", "+5V_VIN", "", "C", 62.99, 62.99, 40.16, 90],
		[7, "+5V_PORT_4", 10570, -2480, "T", "DIP", "+5V_VIN", "", "C", 62.99, 62.99, 40.16, 90],
		[8, "+5V_PORT_4", 10570, -2480, "B", "DIP", "+5V_VIN", "", "C", 62.99, 62.99, 40.16, 90],
		[9, "+5V_PORT_5", 10570, -2380, "T", "DIP", "+5V_VIN", "", "C", 62.99, 62.99, 40.16, 90],
		[10, "+5V_PORT_5", 10570, -2380, "B", "DIP", "+5V_VIN", "", "C", 62.99, 62.99, 40.16, 90],
		[11, "+5V_PORT_6", 10570, -2280, "T", "DIP", "+5V_VIN", "", "C", 62.99, 62.99, 40.16, 90],
		[12, "+5V_PORT_6", 10570, -2280, "B", "DIP", "+5V_VIN", "", "C", 62.99, 62.99, 40.16, 90],
		[13, "BAT_IN_1", 10355.79, -4825, "T", "DIP", "GND", "GND", "R", 59.05, 59.05, 35.43, 0],
		[14, "BAT_IN_1", 10355.79, -4825, "B", "DIP", "GND", "GND", "R", 59.05, 59.05, 35.43, 0],
		[15, "BAT_IN_2", 10454.21, -4825, "T", "DIP", "+5V_BAT_IN", "", "C", 59.05, 59.05, 35.43, 0],
		[16, "BAT_IN_2", 10454.21, -4825, "B", "DIP", "+5V_BAT_IN", "", "C", 59.05, 59.05, 35.43, 0],
		[17, "BOOT_1", 9882.32, -4642.68, "T", "SMD", "GND", "GND", "R", 41.34, 27.56, 0, 0],
		[18, "BOOT_2", 10047.68, -4642.68, "T", "SMD", "BOOT_GPIO_0", "", "R", 41.34, 27.56, 0, 0],
		[19, "BOOT_3", 9882.32, -4727.32, "T", "SMD", "GND", "GND", "R", 41.34, 27.56, 0, 0],
		[20, "BOOT_4", 10047.68, -4727.32, "T", "SMD", "BOOT_GPIO_0", "", "R", 41.34, 27.56, 0, 0],
		[21, "C1_1", 10420, -4265.63, "T", "SMD", "+3.3V", "", "R", 55.51, 53.15, 0, 270],
		[22, "C1_2", 10420, -4344.37, "T", "SMD", "GND", "GND", "R", 55.51, 53.15, 0, 270],
		[23, "C3_1", 9902.07, -4229.22, "T", "SMD", "+5V_VIN", "", "R", 55.51, 53.15, 0, 270],
		[24, "C3_2", 9902.07, -4307.96, "T", "SMD", "GND", "GND", "R", 55.51, 53.15, 0, 270],
		[25, "C4_1", 9992.07, -4224.44, "T", "SMD", "+5V_VIN", "", "R", 55.51, 53.15, 0, 270],
		[26, "C4_2", 9992.07, -4303.18, "T", "SMD", "GND", "GND", "R", 55.51, 53.15, 0, 270],
		[27, "C5_1", 10415, -4090.63, "T", "SMD", "+3.3V", "", "R", 55.51, 53.15, 0, 270],
		[28, "C5_2", 10415, -4169.37, "T", "SMD", "GND", "GND", "R", 55.51, 53.15, 0, 270],
		[29, "C6_1", 9430.32, -4626.75, "T", "SMD", "+5V_USB", "", "R", 55.51, 53.15, 0, 180],
		[30, "C6_2", 9351.58, -4626.75, "T", "SMD", "GND", "GND", "R", 55.51, 53.15, 0, 180],
		[31, "C7_1", 10160, -4635.63, "T", "SMD", "BOOT_GPIO_0", "", "R", 55.51, 53.15, 0, 270],
		[32, "C7_2", 10160, -4714.37, "T", "SMD", "GND", "GND", "R", 55.51, 53.15, 0, 270],
		[33, "C8_1", 9805, -4855.63, "T", "SMD", "CHIP_PU", "", "R", 55.51, 53.15, 0, 270],
		[34, "C8_2", 9805, -4934.37, "T", "SMD", "GND", "GND", "R", 55.51, 53.15, 0, 270],
		[35, "C10_1", 9740, -3685.63, "T", "SMD", "+3.3V", "", "R", 55.51, 53.15, 0, 270],
		[36, "C10_2", 9740, -3764.37, "T", "SMD", "GND", "GND", "R", 55.51, 53.15, 0, 270],
		[37, "C11_1", 9470.63, -3915, "T", "SMD", "GND", "GND", "R", 55.51, 53.15, 0, 0],
		[38, "C11_2", 9549.37, -3915, "T", "SMD", "CHIP_PU", "", "R", 55.51, 53.15, 0, 0],
		[39, "C12_1", 9650.21, -3680.78, "T", "SMD", "CHIP_PU", "", "R", 55.51, 53.15, 0, 270],
		[40, "C12_2", 9650.21, -3759.52, "T", "SMD", "GND", "GND", "R", 55.51, 53.15, 0, 270],
		[41, "C13_1", 9280, -3980.63, "T", "SMD", "$1N15194", "", "R", 55.51, 53.15, 0, 270],
		[42, "C13_2", 9280, -4059.37, "T", "SMD", "GND", "GND", "R", 55.51, 53.15, 0, 270],
		[43, "C14_1", 9710, -4249.37, "T", "SMD", "+5V_BAT_OUT", "", "R", 55.51, 53.15, 0, 90],
		[44, "C14_2", 9710, -4170.63, "T", "SMD", "GND", "GND", "R", 55.51, 53.15, 0, 90],
		[45, "D1_1", 9635, -4516.93, "T", "SMD", "+5V_USB", "", "R", 47.24, 37.4, 0, 90],
		[46, "D1_2", 9635, -4383.07, "T", "SMD", "VBUS", "", "R", 47.24, 37.4, 0, 90],
		[47, "D2_1", 9540, -4518.31, "T", "SMD", "GND", "GND", "R", 55.12, 47.24, 0, 90],
		[48, "D2_2", 9540, -4381.69, "T", "SMD", "VBUS", "", "R", 55.12, 47.24, 0, 90],
		[49, "D3_1", 9355, -4518.31, "T", "SMD", "GND", "GND", "R", 55.12, 47.24, 0, 90],
		[50, "D3_2", 9355, -4381.69, "T", "SMD", "D-", "", "R", 55.12, 47.24, 0, 90],
		[51, "D4_1", 9445, -4518.31, "T", "SMD", "GND", "GND", "R", 55.12, 47.24, 0, 90],
		[52, "D4_2", 9445, -4381.69, "T", "SMD", "D+", "", "R", 55.12, 47.24, 0, 90],
		[53, "D5_1", 10313.07, -4635, "T", "SMD", "$1N15194", "", "R", 47.24, 37.4, 0, 0],
		[54, "D5_2", 10446.93, -4635, "T", "SMD", "+5V_BAT_IN", "", "R", 47.24, 37.4, 0, 0],
		[55, "EN_1", 9892.32, -4862.68, "T", "SMD", "GND", "GND", "R", 41.34, 27.56, 0, 0],
		[56, "EN_2", 10057.68, -4862.68, "T", "SMD", "CHIP_PU", "", "R", 41.34, 27.56, 0, 0],
		[57, "EN_3", 9892.32, -4947.32, "T", "SMD", "GND", "GND", "R", 41.34, 27.56, 0, 0],
		[58, "EN_4", 10057.68, -4947.32, "T", "SMD", "CHIP_PU", "", "R", 41.34, 27.56, 0, 0],
		[59, "GND_1", 10780, -2780, "T", "DIP", "GND", "GND", "R", 70.87, 70.87, 40.16, 90],
		[60, "GND_1", 10780, -2780, "B", "DIP", "GND", "GND", "R", 70.87, 70.87, 40.16, 90],
		[61, "GND_2", 10780, -2680, "T", "DIP", "GND", "GND", "C", 62.99, 62.99, 40.16, 90],
		[62, "GND_2", 10780, -2680, "B", "DIP", "GND", "GND", "C", 62.99, 62.99, 40.16, 90],
		[63, "GND_3", 10780, -2580, "T", "DIP", "GND", "GND", "C", 62.99, 62.99, 40.16, 90],
		[64, "GND_3", 10780, -2580, "B", "DIP", "GND", "GND", "C", 62.99, 62.99, 40.16, 90],
		[65, "GND_4", 10780, -2480, "T", "DIP", "GND", "GND", "C", 62.99, 62.99, 40.16, 90],
		[66, "GND_4", 10780, -2480, "B", "DIP", "GND", "GND", "C", 62.99, 62.99, 40.16, 90],
		[67, "GND_5", 10780, -2380, "T", "DIP", "GND", "GND", "C", 62.99, 62.99, 40.16, 90],
		[68, "GND_5", 10780, -2380, "B", "DIP", "GND", "GND", "C", 62.99, 62.99, 40.16, 90],
		[69, "GND_6", 10780, -2280, "T", "DIP", "GND", "GND", "C", 62.99, 62.99, 40.16, 90],
		[70, "GND_6", 10780, -2280, "B", "DIP", "GND", "GND", "C", 62.99, 62.99, 40.16, 90],
		[71, "H1_1", 8985, -2920, "T", "DIP", "GND", "GND", "R", 70.87, 70.87, 47.24, 270],
		[72, "H1_1", 8985, -2920, "B", "DIP", "GND", "GND", "R", 70.87, 70.87, 47.24, 270],
		[73, "H1_2", 8985, -3020, "T", "DIP", "GPIO_9", "", "C", 70.87, 70.87, 47.24, 270],
		[74, "H1_2", 8985, -3020, "B", "DIP", "GPIO_9", "", "C", 70.87, 70.87, 47.24, 270],
		[75, "H1_3", 8985, -3120, "T", "DIP", "GPIO_10", "", "C", 70.87, 70.87, 47.24, 270],
		[76, "H1_3", 8985, -3120, "B", "DIP", "GPIO_10", "", "C", 70.87, 70.87, 47.24, 270],
		[77, "H1_4", 8985, -3220, "T", "DIP", "GPIO_11", "", "C", 70.87, 70.87, 47.24, 270],
		[78, "H1_4", 8985, -3220, "B", "DIP", "GPIO_11", "", "C", 70.87, 70.87, 47.24, 270],
		[79, "H1_5", 8985, -3320, "T", "DIP", "GPIO_12", "", "C", 70.87, 70.87, 47.24, 270],
		[80, "H1_5", 8985, -3320, "B", "DIP", "GPIO_12", "", "C", 70.87, 70.87, 47.24, 270],
		[81, "H1_6", 8985, -3420, "T", "DIP", "GND", "GND", "C", 70.87, 70.87, 47.24, 270],
		[82, "H1_6", 8985, -3420, "B", "DIP", "GND", "GND", "C", 70.87, 70.87, 47.24, 270],
		[83, "H1_7", 8985, -3520, "T", "DIP", "GPIO_3", "", "C", 70.87, 70.87, 47.24, 270],
		[84, "H1_7", 8985, -3520, "B", "DIP", "GPIO_3", "", "C", 70.87, 70.87, 47.24, 270],
		[85, "H1_8", 8985, -3620, "T", "DIP", "GPIO_4", "", "C", 70.87, 70.87, 47.24, 270],
		[86, "H1_8", 8985, -3620, "B", "DIP", "GPIO_4", "", "C", 70.87, 70.87, 47.24, 270],
		[87, "H1_9", 8985, -3720, "T", "DIP", "GPIO_5", "", "C", 70.87, 70.87, 47.24, 270],
		[88, "H1_9", 8985, -3720, "B", "DIP", "GPIO_5", "", "C", 70.87, 70.87, 47.24, 270],
		[89, "H1_10", 8985, -3820, "T", "DIP", "RGB_GPIO38", "", "C", 70.87, 70.87, 47.24, 270],
		[90, "H1_10", 8985, -3820, "B", "DIP", "RGB_GPIO38", "", "C", 70.87, 70.87, 47.24, 270],
		[91, "H1_11", 8985, -3920, "T", "DIP", "GPIO_6", "", "C", 70.87, 70.87, 47.24, 270],
		[92, "H1_11", 8985, -3920, "B", "DIP", "GPIO_6", "", "C", 70.87, 70.87, 47.24, 270],
		[93, "H1_12", 8985, -4020, "T", "DIP", "GPIO_7", "", "C", 70.87, 70.87, 47.24, 270],
		[94, "H1_12", 8985, -4020, "B", "DIP", "GPIO_7", "", "C", 70.87, 70.87, 47.24, 270],
		[95, "H1_13", 8985, -4120, "T", "DIP", "GPIO_15", "", "C", 70.87, 70.87, 47.24, 270],
		[96, "H1_13", 8985, -4120, "B", "DIP", "GPIO_15", "", "C", 70.87, 70.87, 47.24, 270],
		[97, "H1_14", 8985, -4220, "T", "DIP", "BOOT_GPIO_0", "", "C", 70.87, 70.87, 47.24, 270],
		[98, "H1_14", 8985, -4220, "B", "DIP", "BOOT_GPIO_0", "", "C", 70.87, 70.87, 47.24, 270],
		[99, "H1_15", 8985, -4320, "T", "DIP", "GPIO_16", "", "C", 70.87, 70.87, 47.24, 270],
		[100, "H1_15", 8985, -4320, "B", "DIP", "GPIO_16", "", "C", 70.87, 70.87, 47.24, 270],
		[101, "H1_16", 8985, -4420, "T", "DIP", "GPIO_17", "", "C", 70.87, 70.87, 47.24, 270],
		[102, "H1_16", 8985, -4420, "B", "DIP", "GPIO_17", "", "C", 70.87, 70.87, 47.24, 270],
		[103, "H1_17", 8985, -4520, "T", "DIP", "GPIO_18", "", "C", 70.87, 70.87, 47.24, 270],
		[104, "H1_17", 8985, -4520, "B", "DIP", "GPIO_18", "", "C", 70.87, 70.87, 47.24, 270],
		[105, "H1_18", 8985, -4620, "T", "DIP", "GPIO_8", "", "C", 70.87, 70.87, 47.24, 270],
		[106, "H1_18", 8985, -4620, "B", "DIP", "GPIO_8", "", "C", 70.87, 70.87, 47.24, 270],
		[107, "H1_19", 8985, -4720, "T", "DIP", "GPIO_19", "", "C", 70.87, 70.87, 47.24, 270],
		[108, "H1_19", 8985, -4720, "B", "DIP", "GPIO_19", "", "C", 70.87, 70.87, 47.24, 270],
		[109, "H1_20", 8985, -4820, "T", "DIP", "GPIO_20", "", "C", 70.87, 70.87, 47.24, 270],
		[110, "H1_20", 8985, -4820, "B", "DIP", "GPIO_20", "", "C", 70.87, 70.87, 47.24, 270],
		[111, "H2_1", 10780, -2915, "T", "DIP", "+3.3V", "", "R", 70.87, 70.87, 47.24, 270],
		[112, "H2_1", 10780, -2915, "B", "DIP", "+3.3V", "", "R", 70.87, 70.87, 47.24, 270],
		[113, "H2_2", 10780, -3015, "T", "DIP", "GND", "GND", "C", 70.87, 70.87, 47.24, 270],
		[114, "H2_2", 10780, -3015, "B", "DIP", "GND", "GND", "C", 70.87, 70.87, 47.24, 270],
		[115, "H2_3", 10780, -3115, "T", "DIP", "CHIP_PU", "", "C", 70.87, 70.87, 47.24, 270],
		[116, "H2_3", 10780, -3115, "B", "DIP", "CHIP_PU", "", "C", 70.87, 70.87, 47.24, 270],
		[117, "H2_4", 10780, -3215, "T", "DIP", "GPIO_40", "", "C", 70.87, 70.87, 47.24, 270],
		[118, "H2_4", 10780, -3215, "B", "DIP", "GPIO_40", "", "C", 70.87, 70.87, 47.24, 270],
		[119, "H2_5", 10780, -3315, "T", "DIP", "GPIO_39", "", "C", 70.87, 70.87, 47.24, 270],
		[120, "H2_5", 10780, -3315, "B", "DIP", "GPIO_39", "", "C", 70.87, 70.87, 47.24, 270],
		[121, "H2_6", 10780, -3415, "T", "DIP", "GPIO_1", "", "C", 70.87, 70.87, 47.24, 270],
		[122, "H2_6", 10780, -3415, "B", "DIP", "GPIO_1", "", "C", 70.87, 70.87, 47.24, 270],
		[123, "H2_7", 10780, -3515, "T", "DIP", "GPIO_2", "", "C", 70.87, 70.87, 47.24, 270],
		[124, "H2_7", 10780, -3515, "B", "DIP", "GPIO_2", "", "C", 70.87, 70.87, 47.24, 270],
		[125, "H2_8", 10780, -3615, "T", "DIP", "GND", "GND", "C", 70.87, 70.87, 47.24, 270],
		[126, "H2_8", 10780, -3615, "B", "DIP", "GND", "GND", "C", 70.87, 70.87, 47.24, 270],
		[127, "H2_9", 10780, -3715, "T", "DIP", "GPIO_45", "", "C", 70.87, 70.87, 47.24, 270],
		[128, "H2_9", 10780, -3715, "B", "DIP", "GPIO_45", "", "C", 70.87, 70.87, 47.24, 270],
		[129, "H2_10", 10780, -3815, "T", "DIP", "GPIO_48", "", "C", 70.87, 70.87, 47.24, 270],
		[130, "H2_10", 10780, -3815, "B", "DIP", "GPIO_48", "", "C", 70.87, 70.87, 47.24, 270],
		[131, "H2_11", 10780, -3915, "T", "DIP", "GPIO_41", "", "C", 70.87, 70.87, 47.24, 270],
		[132, "H2_11", 10780, -3915, "B", "DIP", "GPIO_41", "", "C", 70.87, 70.87, 47.24, 270],
		[133, "H2_12", 10780, -4015, "T", "DIP", "GPIO_21", "", "C", 70.87, 70.87, 47.24, 270],
		[134, "H2_12", 10780, -4015, "B", "DIP", "GPIO_21", "", "C", 70.87, 70.87, 47.24, 270],
		[135, "H2_13", 10780, -4115, "T", "DIP", "GPIO_47", "", "C", 70.87, 70.87, 47.24, 270],
		[136, "H2_13", 10780, -4115, "B", "DIP", "GPIO_47", "", "C", 70.87, 70.87, 47.24, 270],
		[137, "H2_14", 10780, -4215, "T", "DIP", "FTDI_RXD", "", "C", 70.87, 70.87, 47.24, 270],
		[138, "H2_14", 10780, -4215, "B", "DIP", "FTDI_RXD", "", "C", 70.87, 70.87, 47.24, 270],
		[139, "H2_15", 10780, -4315, "T", "DIP", "FTDI_TXD", "", "C", 70.87, 70.87, 47.24, 270],
		[140, "H2_15", 10780, -4315, "B", "DIP", "FTDI_TXD", "", "C", 70.87, 70.87, 47.24, 270],
		[141, "H2_16", 10780, -4415, "T", "DIP", "GPIO_37", "", "C", 70.87, 70.87, 47.24, 270],
		[142, "H2_16", 10780, -4415, "B", "DIP", "GPIO_37", "", "C", 70.87, 70.87, 47.24, 270],
		[143, "H2_17", 10780, -4515, "T", "DIP", "GPIO_36", "", "C", 70.87, 70.87, 47.24, 270],
		[144, "H2_17", 10780, -4515, "B", "DIP", "GPIO_36", "", "C", 70.87, 70.87, 47.24, 270],
		[145, "H2_18", 10780, -4615, "T", "DIP", "GPIO_13", "", "C", 70.87, 70.87, 47.24, 270],
		[146, "H2_18", 10780, -4615, "B", "DIP", "GPIO_13", "", "C", 70.87, 70.87, 47.24, 270],
		[147, "H2_19", 10780, -4715, "T", "DIP", "GPIO_14", "", "C", 70.87, 70.87, 47.24, 270],
		[148, "H2_19", 10780, -4715, "B", "DIP", "GPIO_14", "", "C", 70.87, 70.87, 47.24, 270],
		[149, "H2_20", 10780, -4815, "T", "DIP", "+5V_VIN", "", "C", 70.87, 70.87, 47.24, 270],
		[150, "H2_20", 10780, -4815, "B", "DIP", "+5V_VIN", "", "C", 70.87, 70.87, 47.24, 270],
		[151, "i2C_PORT_1", 10570, -3230, "T", "DIP", "+5V_VIN", "", "R", 66.93, 66.93, 43.31, 90],
		[152, "i2C_PORT_1", 10570, -3230, "B", "DIP", "+5V_VIN", "", "R", 66.93, 66.93, 43.31, 90],
		[153, "i2C_PORT_2", 10570, -3130, "T", "DIP", "GPIO_8", "", "C", 66.93, 66.93, 43.31, 90],
		[154, "i2C_PORT_2", 10570, -3130, "B", "DIP", "GPIO_8", "", "C", 66.93, 66.93, 43.31, 90],
		[155, "i2C_PORT_3", 10570, -3030, "T", "DIP", "GPIO_9", "", "C", 66.93, 66.93, 43.31, 90],
		[156, "i2C_PORT_3", 10570, -3030, "B", "DIP", "GPIO_9", "", "C", 66.93, 66.93, 43.31, 90],
		[157, "i2C_PORT_4", 10570, -2930, "T", "DIP", "GND", "GND", "C", 66.93, 66.93, 43.31, 90],
		[158, "i2C_PORT_4", 10570, -2930, "B", "DIP", "GND", "GND", "C", 66.93, 66.93, 43.31, 90],
		[159, "LED1_1", 9449.53, -3770.24, "T", "SMD", "+3.3V", "", "R", 32.28, 59.05, 0, 0],
		[160, "LED1_2", 9390.47, -3770.24, "T", "SMD", "LED1_2", "", "R", 32.28, 59.05, 0, 0],
		[161, "LED1_3", 9390.47, -3549.76, "T", "SMD", "GND", "GND", "R", 32.28, 59.05, 0, 0],
		[162, "LED1_4", 9449.53, -3549.76, "T", "SMD", "$1N4226", "", "R", 32.28, 59.05, 0, 0],
		[163, "LED2_1", 10181.5, -4495, "T", "SMD", "$1N2556", "", "R", 31.5, 31.5, 0, 270],
		[164, "LED2_2", 10248.5, -4495, "T", "SMD", "GND", "GND", "R", 31.5, 31.5, 0, 270],
		[165, "LED4_1", 9946.5, -3270, "T", "SMD", "FTDI_TXD", "", "R", 31.5, 31.5, 0, 270],
		[166, "LED4_2", 10013.5, -3270, "T", "SMD", "$1N16729", "", "R", 31.5, 31.5, 0, 270],
		[167, "LED5_1", 9946.5, -3375, "T", "SMD", "FTDI_RXD", "", "R", 31.5, 31.5, 0, 270],
		[168, "LED5_2", 10013.5, -3375, "T", "SMD", "$1N16772", "", "R", 31.5, 31.5, 0, 270],
		[169, "R5_1", 10040.34, -4495, "T", "SMD", "$1N2556", "", "R", 31.75, 34.02, 0, 0],
		[170, "R5_2", 10099.66, -4495, "T", "SMD", "+3.3V", "", "R", 31.75, 34.02, 0, 0],
		[171, "R6_1", 9541.26, -4625.63, "T", "SMD", "GND", "GND", "R", 44.59, 54.21, 0, 0],
		[172, "R6_2", 9620, -4625.63, "T", "SMD", "$1N2846", "", "R", 44.59, 54.21, 0, 0],
		[173, "R8_1", 9280, -4170.63, "T", "SMD", "GND", "GND", "R", 44.59, 54.21, 0, 270],
		[174, "R8_2", 9280, -4249.37, "T", "SMD", "$1N2850", "", "R", 44.59, 54.21, 0, 270],
		[175, "R9_1", 9793.13, -4639.17, "T", "SMD", "BOOT_GPIO_0", "", "R", 44.59, 54.21, 0, 270],
		[176, "R9_2", 9793.13, -4717.91, "T", "SMD", "+3.3V", "", "R", 44.59, 54.21, 0, 270],
		[177, "R10_1", 10150, -4944.37, "T", "SMD", "CHIP_PU", "", "R", 44.59, 54.21, 0, 90],
		[178, "R10_2", 10150, -4865.63, "T", "SMD", "+3.3V", "", "R", 44.59, 54.21, 0, 90],
		[179, "R11_1", 9590, -3515.34, "T", "SMD", "$1N4226", "", "R", 31.75, 34.02, 0, 270],
		[180, "R11_2", 9590, -3574.66, "T", "SMD", "RGB_GPIO38", "", "R", 31.75, 34.02, 0, 270],
		[181, "R12_1", 10357.72, -3808.22, "T", "SMD", "$1N7010", "", "R", 31.75, 34.02, 0, 180],
		[182, "R12_2", 10298.4, -3808.22, "T", "SMD", "$1N6276", "", "R", 31.75, 34.02, 0, 180],
		[183, "R13_1", 10357.88, -3731.94, "T", "SMD", "$1N7036", "", "R", 31.75, 34.02, 0, 180],
		[184, "R13_2", 10298.56, -3731.94, "T", "SMD", "$1N5994", "", "R", 31.75, 34.02, 0, 180],
		[185, "R14_1", 9694.66, -3925, "T", "SMD", "+3.3V", "", "R", 31.75, 34.02, 0, 180],
		[186, "R14_2", 9635.34, -3925, "T", "SMD", "CHIP_PU", "", "R", 31.75, 34.02, 0, 180],
		[187, "R15_1", 10150, -3950.34, "T", "SMD", "$1N18695", "", "R", 31.75, 34.02, 0, 270],
		[188, "R15_2", 10150, -4009.66, "T", "SMD", "GND", "GND", "R", 31.75, 34.02, 0, 270],
		[189, "SCREW1_1", 9000, -2120, "T", "DIP", "SCREW1_1", "", "C", 78.74, 78.74, 78.74, 0],
		[190, "SCREW1_1", 9000, -2120, "B", "DIP", "SCREW1_1", "", "C", 78.74, 78.74, 78.74, 0],
		[191, "SCREW2_1", 10775, -2120, "T", "DIP", "SCREW2_1", "", "C", 78.74, 78.74, 78.74, 0],
		[192, "SCREW2_1", 10775, -2120, "B", "DIP", "SCREW2_1", "", "C", 78.74, 78.74, 78.74, 0],
		[193, "SPI_PORT_1", 8985, -2790, "T", "DIP", "+5V_VIN", "", "R", 70.87, 70.87, 40.16, 90],
		[194, "SPI_PORT_1", 8985, -2790, "B", "DIP", "+5V_VIN", "", "R", 70.87, 70.87, 40.16, 90],
		[195, "SPI_PORT_2", 8985, -2690, "T", "DIP", "GPIO_11", "", "C", 62.99, 62.99, 40.16, 90],
		[196, "SPI_PORT_2", 8985, -2690, "B", "DIP", "GPIO_11", "", "C", 62.99, 62.99, 40.16, 90],
		[197, "SPI_PORT_3", 8985, -2590, "T", "DIP", "GPIO_13", "", "C", 62.99, 62.99, 40.16, 90],
		[198, "SPI_PORT_3", 8985, -2590, "B", "DIP", "GPIO_13", "", "C", 62.99, 62.99, 40.16, 90],
		[199, "SPI_PORT_4", 8985, -2490, "T", "DIP", "GPIO_12", "", "C", 62.99, 62.99, 40.16, 90],
		[200, "SPI_PORT_4", 8985, -2490, "B", "DIP", "GPIO_12", "", "C", 62.99, 62.99, 40.16, 90],
		[201, "SPI_PORT_5", 8985, -2390, "T", "DIP", "GPIO_10", "", "C", 62.99, 62.99, 40.16, 90],
		[202, "SPI_PORT_5", 8985, -2390, "B", "DIP", "GPIO_10", "", "C", 62.99, 62.99, 40.16, 90],
		[203, "SPI_PORT_6", 8985, -2290, "T", "DIP", "GND", "GND", "C", 62.99, 62.99, 40.16, 90],
		[204, "SPI_PORT_6", 8985, -2290, "B", "DIP", "GND", "GND", "C", 62.99, 62.99, 40.16, 90],
		[205, "U1_1", 9545.51, -2254.81, "T", "SMD", "GND", "GND", "R", 59.05, 35.43, 0, 0],
		[206, "U1_2", 9545.51, -2304.81, "T", "SMD", "+3.3V", "", "R", 59.05, 35.43, 0, 0],
		[207, "U1_3", 9545.51, -2354.81, "T", "SMD", "CHIP_PU", "", "R", 59.05, 35.43, 0, 0],
		[208, "U1_4", 9545.51, -2404.81, "T", "SMD", "GPIO_4", "", "R", 59.05, 35.43, 0, 0],
		[209, "U1_5", 9545.51, -2454.81, "T", "SMD", "GPIO_5", "", "R", 59.05, 35.43, 0, 0],
		[210, "U1_6", 9545.51, -2504.81, "T", "SMD", "GPIO_6", "", "R", 59.05, 35.43, 0, 0],
		[211, "U1_7", 9545.51, -2554.81, "T", "SMD", "GPIO_7", "", "R", 59.05, 35.43, 0, 0],
		[212, "U1_8", 9545.51, -2604.81, "T", "SMD", "GPIO_15", "", "R", 59.05, 35.43, 0, 0],
		[213, "U1_9", 9545.51, -2654.81, "T", "SMD", "GPIO_16", "", "R", 59.05, 35.43, 0, 0],
		[214, "U1_10", 9545.51, -2704.81, "T", "SMD", "GPIO_17", "", "R", 59.05, 35.43, 0, 0],
		[215, "U1_11", 9545.51, -2754.81, "T", "SMD", "GPIO_18", "", "R", 59.05, 35.43, 0, 0],
		[216, "U1_12", 9545.51, -2804.81, "T", "SMD", "GPIO_8", "", "R", 59.05, 35.43, 0, 0],
		[217, "U1_13", 9545.51, -2854.81, "T", "SMD", "GPIO_19", "", "R", 59.05, 35.43, 0, 0],
		[218, "U1_14", 9545.51, -2904.81, "T", "SMD", "GPIO_20", "", "R", 59.05, 35.43, 0, 0],
		[219, "U1_15", 9615, -2955.19, "T", "SMD", "GPIO_3", "", "R", 59.05, 35.43, 0, 90],
		[220, "U1_16", 9665, -2955.19, "T", "SMD", "GPIO_46", "", "R", 59.05, 35.43, 0, 90],
		[221, "U1_17", 9715, -2955.19, "T", "SMD", "GPIO_9", "", "R", 59.05, 35.43, 0, 90],
		[222, "U1_18", 9765, -2955.19, "T", "SMD", "GPIO_10", "", "R", 59.05, 35.43, 0, 90],
		[223, "U1_19", 9815, -2955.19, "T", "SMD", "GPIO_11", "", "R", 59.05, 35.43, 0, 90],
		[224, "U1_20", 9865, -2955.19, "T", "SMD", "GPIO_12", "", "R", 59.05, 35.43, 0, 90],
		[225, "U1_21", 9915, -2955.19, "T", "SMD", "GPIO_13", "", "R", 59.05, 35.43, 0, 90],
		[226, "U1_22", 9965, -2955.19, "T", "SMD", "GPIO_14", "", "R", 59.05, 35.43, 0, 90],
		[227, "U1_23", 10015, -2955.19, "T", "SMD", "GPIO_21", "", "R", 59.05, 35.43, 0, 90],
		[228, "U1_24", 10065, -2955.19, "T", "SMD", "GPIO_47", "", "R", 59.05, 35.43, 0, 90],
		[229, "U1_25", 10115, -2955.19, "T", "SMD", "GPIO_48", "", "R", 59.05, 35.43, 0, 90],
		[230, "U1_26", 10165, -2954.01, "T", "SMD", "GPIO_45", "", "R", 59.05, 35.43, 0, 90],
		[231, "U1_27", 10234.49, -2904.81, "T", "SMD", "BOOT_GPIO_0", "", "R", 59.05, 35.43, 0, 180],
		[232, "U1_28", 10234.49, -2854.81, "T", "SMD", "GPIO_35", "", "R", 59.05, 35.43, 0, 180],
		[233, "U1_29", 10234.49, -2804.81, "T", "SMD", "GPIO_36", "", "R", 59.05, 35.43, 0, 180],
		[234, "U1_30", 10234.49, -2754.81, "T", "SMD", "GPIO_37", "", "R", 59.05, 35.43, 0, 180],
		[235, "U1_31", 10234.49, -2704.81, "T", "SMD", "RGB_GPIO38", "", "R", 59.05, 35.43, 0, 180],
		[236, "U1_32", 10234.49, -2654.81, "T", "SMD", "GPIO_39", "", "R", 59.05, 35.43, 0, 180],
		[237, "U1_33", 10234.49, -2604.81, "T", "SMD", "GPIO_40", "", "R", 59.05, 35.43, 0, 180],
		[238, "U1_34", 10234.49, -2554.81, "T", "SMD", "GPIO_41", "", "R", 59.05, 35.43, 0, 180],
		[239, "U1_35", 10234.49, -2504.81, "T", "SMD", "GPIO_42", "", "R", 59.05, 35.43, 0, 180],
		[240, "U1_36", 10234.49, -2454.81, "T", "SMD", "FTDI_TXD", "", "R", 59.05, 35.43, 0, 180],
		[241, "U1_37", 10234.49, -2404.81, "T", "SMD", "FTDI_RXD", "", "R", 59.05, 35.43, 0, 180],
		[242, "U1_38", 10234.49, -2354.81, "T", "SMD", "GPIO_2", "", "R", 59.05, 35.43, 0, 180],
		[243, "U1_39", 10234.49, -2304.81, "T", "SMD", "GPIO_1", "", "R", 59.05, 35.43, 0, 180],
		[244, "U1_40", 10234.49, -2254.81, "T", "SMD", "GND", "GND", "R", 59.05, 35.43, 0, 180],
		[245, "U1_41", 9886.06, -2613.87, "T", "SMD", "GND", "GND", "R", 35.43, 35.43, 0, 90],
		[246, "U1_41", 9830.94, -2613.87, "T", "SMD", "GND", "GND", "R", 35.43, 35.43, 0, 90],
		[247, "U1_41", 9775.82, -2613.87, "T", "SMD", "GND", "GND", "R", 35.43, 35.43, 0, 90],
		[248, "U1_41", 9775.82, -2503.63, "T", "SMD", "GND", "GND", "R", 35.43, 35.43, 0, 90],
		[249, "U1_41", 9830.94, -2503.63, "T", "SMD", "GND", "GND", "R", 35.43, 35.43, 0, 90],
		[250, "U1_41", 9886.06, -2503.63, "T", "SMD", "GND", "GND", "R", 35.43, 35.43, 0, 90],
		[251, "U1_41", 9886.06, -2558.74, "T", "SMD", "GND", "GND", "R", 35.43, 35.43, 0, 90],
		[252, "U1_41", 9775.82, -2558.74, "T", "SMD", "GND", "GND", "R", 35.43, 35.43, 0, 90],
		[253, "U1_41", 9830.94, -2558.74, "T", "SMD", "GND", "GND", "R", 35.43, 35.43, 0, 90],
		[254, "U2_1", 10114.45, -4316.61, "T", "SMD", "GND", "GND", "R", 97.24, 38.58, 0, 270],
		[255, "U2_2", 10205, -4316.61, "T", "SMD", "+3.3V", "", "R", 97.24, 38.58, 0, 270],
		[256, "U2_3", 10295.55, -4316.61, "T", "SMD", "+5V_VIN", "", "R", 97.24, 38.58, 0, 270],
		[257, "U2_4", 10205, -4093.39, "T", "SMD", "+3.3V", "", "R", 97.24, 141.73, 0, 270],
		[258, "U4_1", 9840.94, -3342.59, "T", "SMD", "$1N16729", "", "R", 44.59, 54.21, 0, 90],
		[259, "U4_2", 9840.94, -3263.85, "T", "SMD", "+3.3V", "", "R", 44.59, 54.21, 0, 90],
		[260, "U6_1", 9911.91, -3485, "T", "SMD", "GND", "GND", "O", 22.05, 68.7, 0, 270],
		[261, "U6_2", 9911.91, -3535, "T", "SMD", "FTDI_TXD", "", "O", 22.05, 68.7, 0, 270],
		[262, "U6_3", 9911.91, -3585, "T", "SMD", "FTDI_RXD", "", "O", 22.05, 68.7, 0, 270],
		[263, "U6_4", 9911.91, -3635, "T", "SMD", "+3.3V", "", "O", 22.05, 68.7, 0, 270],
		[264, "U6_5", 9911.91, -3685, "T", "SMD", "D+", "", "O", 22.05, 68.7, 0, 270],
		[265, "U6_6", 9911.91, -3735, "T", "SMD", "D-", "", "O", 22.05, 68.7, 0, 270],
		[266, "U6_7", 9911.91, -3785, "T", "SMD", "U6_7", "", "O", 22.05, 68.7, 0, 270],
		[267, "U6_8", 9911.91, -3835, "T", "SMD", "U6_8", "", "O", 22.05, 68.7, 0, 270],
		[268, "U6_9", 10138.09, -3835, "T", "SMD", "U6_9", "", "O", 22.05, 68.7, 0, 270],
		[269, "U6_10", 10138.09, -3785, "T", "SMD", "U6_10", "", "O", 22.05, 68.7, 0, 270],
		[270, "U6_11", 10138.09, -3735, "T", "SMD", "U6_11", "", "O", 22.05, 68.7, 0, 270],
		[271, "U6_12", 10138.09, -3685, "T", "SMD", "U6_12", "", "O", 22.05, 68.7, 0, 270],
		[272, "U6_13", 10138.09, -3635, "T", "SMD", "$1N6276", "", "O", 22.05, 68.7, 0, 270],
		[273, "U6_14", 10138.09, -3585, "T", "SMD", "$1N5994", "", "O", 22.05, 68.7, 0, 270],
		[274, "U6_15", 10138.09, -3535, "T", "SMD", "U6_15", "", "O", 22.05, 68.7, 0, 270],
		[275, "U6_16", 10138.09, -3485, "T", "SMD", "+3.3V", "", "O", 22.05, 68.7, 0, 270],
		[276, "U7_1", 10286.38, -3412.6, "T", "SMD", "$1N7010", "", "R", 42.13, 23.62, 0, 180],
		[277, "U7_2", 10286.38, -3487.4, "T", "SMD", "$1N5994", "", "R", 42.13, 23.62, 0, 180],
		[278, "U7_3", 10383.63, -3450, "T", "SMD", "CHIP_PU", "", "R", 42.13, 23.62, 0, 180],
		[279, "U8_1", 10281.38, -3562.6, "T", "SMD", "$1N7036", "", "R", 42.13, 23.62, 0, 180],
		[280, "U8_2", 10281.38, -3637.4, "T", "SMD", "$1N6276", "", "R", 42.13, 23.62, 0, 180],
		[281, "U8_3", 10378.63, -3600, "T", "SMD", "BOOT_GPIO_0", "", "R", 42.13, 23.62, 0, 180],
		[282, "U9_1", 9743.22, -3343.2, "T", "SMD", "$1N16772", "", "R", 44.59, 54.21, 0, 90],
		[283, "U9_2", 9743.22, -3264.46, "T", "SMD", "+3.3V", "", "R", 44.59, 54.21, 0, 90],
		[284, "U10_1", 10040.24, -4033.39, "T", "SMD", "U10_1", "", "O", 13.9, 57.24, 0, 90],
		[285, "U10_2", 10040.24, -4007.79, "T", "SMD", "GND", "GND", "O", 13.9, 57.24, 0, 90],
		[286, "U10_3", 10040.24, -3982.2, "T", "SMD", "GND", "GND", "O", 13.9, 57.24, 0, 90],
		[287, "U10_4", 10040.24, -3956.61, "T", "SMD", "$1N18695", "", "O", 13.9, 57.24, 0, 90],
		[288, "U10_5", 9809.76, -3956.61, "T", "SMD", "GND", "GND", "O", 13.9, 57.24, 0, 90],
		[289, "U10_6", 9809.76, -3982.2, "T", "SMD", "+5V_BAT_OUT", "", "O", 13.9, 57.24, 0, 90],
		[290, "U10_7", 9809.76, -4007.79, "T", "SMD", "+5V_VIN", "", "O", 13.9, 57.24, 0, 90],
		[291, "U10_8", 9809.76, -4033.39, "T", "SMD", "+5V_USB", "", "O", 13.9, 57.24, 0, 90],
		[292, "U12_1", 9414.45, -4251.93, "T", "SMD", "GND", "GND", "R", 98.42, 43.31, 0, 270],
		[293, "U12_2", 9505, -4251.93, "T", "SMD", "+5V_BAT_OUT", "", "R", 98.42, 43.31, 0, 270],
		[294, "U12_3", 9595.55, -4251.93, "T", "SMD", "$1N15194", "", "R", 98.42, 43.31, 0, 270],
		[295, "U12_4", 9505, -4018.07, "T", "SMD", "+5V_BAT_OUT", "", "R", 92.13, 141.73, 0, 270],
		[296, "USBC1_0", 9309.72, -4777.84, "T", "DIP", "GND", "GND", "O", 47.24, 78.74, 62.99, 0],
		[297, "USBC1_0", 9309.72, -4777.84, "B", "DIP", "GND", "GND", "O", 47.24, 78.74, 62.99, 0],
		[298, "USBC1_1", 9650.28, -4777.84, "T", "DIP", "GND", "GND", "O", 47.24, 78.74, 62.99, 0],
		[299, "USBC1_1", 9650.28, -4777.84, "B", "DIP", "GND", "GND", "O", 47.24, 78.74, 62.99, 0],
		[300, "USBC1_2", 9650.28, -4942.4, "T", "DIP", "GND", "GND", "O", 47.24, 70.87, 55.12, 0],
		[301, "USBC1_2", 9650.28, -4942.4, "B", "DIP", "GND", "GND", "O", 47.24, 70.87, 55.12, 0],
		[302, "USBC1_3", 9309.72, -4942.4, "T", "DIP", "GND", "GND", "O", 47.24, 70.87, 55.12, 0],
		[303, "USBC1_3", 9309.72, -4942.4, "B", "DIP", "GND", "GND", "O", 47.24, 70.87, 55.12, 0],
		[304, "USBC1_A1", 9348.11, -4747.59, "T", "SMD", "GND", "GND", "R", 11.81, 51.18, 0, 0],
		[305, "USBC1_A12", 9611.89, -4747.59, "T", "SMD", "GND", "GND", "R", 11.81, 51.18, 0, 0],
		[306, "USBC1_A4", 9379.61, -4747.59, "T", "SMD", "VBUS", "", "R", 11.81, 51.18, 0, 0],
		[307, "USBC1_A5", 9430.79, -4747.59, "T", "SMD", "$1N2850", "", "R", 11.81, 51.18, 0, 0],
		[308, "USBC1_A6", 9470.16, -4747.59, "T", "SMD", "D+", "", "R", 11.81, 51.18, 0, 0],
		[309, "USBC1_A7", 9489.84, -4747.59, "T", "SMD", "D-", "", "R", 11.81, 51.18, 0, 0],
		[310, "USBC1_A8", 9529.2, -4747.59, "T", "SMD", "USBC1_A8", "", "R", 11.81, 51.18, 0, 0],
		[311, "USBC1_A9", 9580.4, -4747.59, "T", "SMD", "VBUS", "", "R", 11.81, 51.18, 0, 0],
		[312, "USBC1_B1", 9600.08, -4747.59, "T", "SMD", "GND", "GND", "R", 11.81, 51.18, 0, 0],
		[313, "USBC1_B12", 9359.92, -4747.59, "T", "SMD", "GND", "GND", "R", 11.81, 51.18, 0, 0],
		[314, "USBC1_B4", 9568.58, -4747.59, "T", "SMD", "VBUS", "", "R", 11.81, 51.18, 0, 0],
		[315, "USBC1_B5", 9548.9, -4747.59, "T", "SMD", "$1N2846", "", "R", 11.81, 51.18, 0, 0],
		[316, "USBC1_B6", 9509.53, -4747.59, "T", "SMD", "D+", "", "R", 11.81, 51.18, 0, 0],
		[317, "USBC1_B7", 9450.47, -4747.59, "T", "SMD", "D-", "", "R", 11.81, 51.18, 0, 0],
		[318, "USBC1_B8", 9411.1, -4747.59, "T", "SMD", "USBC1_B8", "", "R", 11.81, 51.18, 0, 0],
		[319, "USBC1_B9", 9391.42, -4747.59, "T", "SMD", "VBUS", "", "R", 11.81, 51.18, 0, 0]
	]
}
}